{"cameraMode":{"drawMode":0,"name":"Shaded","section":"Shading Mode"},"sceneLighting":true,"audioPlay":false,"sceneViewState":{"showFog":false,"showMaterialUpdate":false,"showSkybox":true,"showFlares":false,"showImageEffects":false,"showParticleSystems":false},"in2DMode":false,"pivot":{"x":9.655570983886719,"y":-0.8022804260253906,"z":-12.289640426635743},"rotation":{"x":-0.0683681070804596,"y":-0.930752694606781,"z":0.2745252847671509,"w":-0.2319301962852478},"size":9.452165603637696,"orthographic":false}