{"cameraMode":{"drawMode":0,"name":"Shaded","section":"Shading Mode"},"sceneLighting":true,"audioPlay":false,"sceneViewState":{"showFog":false,"showMaterialUpdate":false,"showSkybox":true,"showFlares":false,"showImageEffects":false,"showParticleSystems":false},"in2DMode":false,"pivot":{"x":-1.687758207321167,"y":6.22328519821167,"z":7.688712120056152},"rotation":{"x":-0.09718061983585358,"y":0.25906720757484438,"z":-0.02617357112467289,"w":-0.9606677889823914},"size":9.452165603637696,"orthographic":false}