{"cameraMode":{"drawMode":0,"name":"Shaded","section":"Shading Mode"},"sceneLighting":true,"audioPlay":false,"sceneViewState":{"showFog":false,"showMaterialUpdate":false,"showSkybox":true,"showFlares":false,"showImageEffects":false,"showParticleSystems":false},"in2DMode":false,"pivot":{"x":6.881890296936035,"y":-12.759960174560547,"z":-53.735687255859378},"rotation":{"x":-0.00129135069437325,"y":-0.953032910823822,"z":0.3029811382293701,"w":-0.004002952482551336},"size":21.650634765625,"orthographic":false}